id,recipe_id,direction_number,direction,created_at,updated_at
1,1,1,"In a nonstick frying pan heat some cooking oil till it start to smoke","2022-12-15 14:48:10","2022-12-15 14:48:10"
2,1,2,"Add in the onion and stir cook until translucent","2022-12-15 14:48:10","2022-12-15 14:48:10"
3,1,3,"Add in the tomatoes and stir cook until it start to wilt","2022-12-15 14:48:10","2022-12-15 14:48:10"
4,1,4,"Season with salt to taste","2022-12-15 14:48:10","2022-12-15 14:48:10"
5,1,5,"Now bring the heat down to moderate to low","2022-12-15 14:48:10","2022-12-15 14:48:10"
6,1,6,"Stir in the beaten eggs, stir sparingly or fold the mixture until the eggs sets","2022-12-15 14:48:10","2022-12-15 14:48:10"
7,1,7,"Serve with garlic fried rice or pandesal","2022-12-15 14:48:10","2022-12-15 14:48:10"
8,2,1,"Place carrots in a small saucepan and cover with water","2022-12-15 14:48:10","2022-12-15 14:48:10"
9,2,2,"Bring to a low boil and cook for 3 to 5 minutes","2022-12-15 14:48:10","2022-12-15 14:48:10"
10,2,3,"Stir in peas, then immediately drain in a colander","2022-12-15 14:48:10","2022-12-15 14:48:10"
11,2,4,"Heat a wok over high heat","2022-12-15 14:48:10","2022-12-15 14:48:10"
12,2,5,"Pour in vegetable oil, then stir in carrots, peas, and garlic; cook for about 30 seconds","2022-12-15 14:48:10","2022-12-15 14:48:10"
13,2,6,"Add eggs; stir quickly to scramble eggs with vegetables","2022-12-15 14:48:10","2022-12-15 14:48:10"
14,2,7,"Stir in cooked rice","2022-12-15 14:48:10","2022-12-15 14:48:10"
15,2,8,"Add soy sauce and toss rice to coat","2022-12-15 14:48:10","2022-12-15 14:48:10"
16,2,9,"Drizzle with sesame oil and toss again","2022-12-15 14:48:10","2022-12-15 14:48:10"
17,3,1,"Making this dish is quick and easy","2022-12-15 14:48:10","2022-12-15 14:48:10"
18,3,2,"The first thing to do is prepare the tofu","2022-12-15 14:48:10","2022-12-15 14:48:10"
19,3,3,"Make sure to use extra firm tofu for this recipe","2022-12-15 14:48:10","2022-12-15 14:48:10"
20,3,4,"This type is perfect for frying","2022-12-15 14:48:10","2022-12-15 14:48:10"
21,3,5,"Deep-fry the tofu slices until golden brown","2022-12-15 14:48:10","2022-12-15 14:48:10"
22,3,6,"Remove from the pot and then slice into cubes","2022-12-15 14:48:10","2022-12-15 14:48:10"
23,3,7,"Set it aside","2022-12-15 14:48:10","2022-12-15 14:48:10"
24,3,8,"Start to cook the dish by saut?Ÿ??ing garlic, onion, and tomato","2022-12-15 14:48:10","2022-12-15 14:48:10"
25,3,9,"Heat oil in a wok or pan","2022-12-15 14:48:10","2022-12-15 14:48:10"
26,3,10,"Add the garlic and onion","2022-12-15 14:48:10","2022-12-15 14:48:10"
27,3,11,"Cook for 30 seconds","2022-12-15 14:48:10","2022-12-15 14:48:10"
28,3,12,"Put the chopped tomato and continue to saute until both onion and tomato softens","2022-12-15 14:48:10","2022-12-15 14:48:10"
29,3,13,"The garlic should be a bit brown at this point","2022-12-15 14:48:10","2022-12-15 14:48:10"
30,3,14,"Add shrimp and cook until it turns orangey","2022-12-15 14:48:10","2022-12-15 14:48:10"
31,3,15,"It is best to remove the head and shell of the shrimp before cooking","2022-12-15 14:48:10","2022-12-15 14:48:10"
32,3,16,"You can also use frozen shrimp for this recipe","2022-12-15 14:48:10","2022-12-15 14:48:10"
33,3,17,"Make sure to thaw it first before cooking","2022-12-15 14:48:10","2022-12-15 14:48:10"
34,3,18,"The fried tofu is added next","2022-12-15 14:48:10","2022-12-15 14:48:10"
35,3,19,"Give it a quick stir and then add the mung bean sprout and carrot","2022-12-15 14:48:10","2022-12-15 14:48:10"
36,3,20,"Toss and saute for 1 to 2 minutes","2022-12-15 14:48:10","2022-12-15 14:48:10"
37,3,21,"Next goes the bell peppers","2022-12-15 14:48:10","2022-12-15 14:48:10"
38,3,22,"Season with oyster sauce and ground black pepper","2022-12-15 14:48:10","2022-12-15 14:48:10"
39,3,23,"Fish sauce or patis can also be used as a substitute to oyster sauce","2022-12-15 14:48:10","2022-12-15 14:48:10"
40,3,24,"Add the shrimp","2022-12-15 14:48:10","2022-12-15 14:48:10"
41,3,25,"Cook until it turns orangey","2022-12-15 14:48:10","2022-12-15 14:48:10"
42,3,26,"You can also add the seasoning","2022-12-15 14:48:10","2022-12-15 14:48:10"
43,5,1,"Heat the cooking oil in a pan","2022-12-15 14:48:10","2022-12-15 14:48:10"
44,5,2,"Once the oil becomes hot, saute the garlic and onion","2022-12-15 14:48:10","2022-12-15 14:48:10"
45,5,3,"Put-in the pork and then cook for 5 minutes or until color turns medium brown","2022-12-15 14:48:10","2022-12-15 14:48:10"
46,5,4,"Pour-in half of the beef broth","2022-12-15 14:48:10","2022-12-15 14:48:10"
47,5,5,"Let boil and simmer until the liquid totally evaporate","2022-12-15 14:48:10","2022-12-15 14:48:10"
48,5,6,"Put-in the cabbage","2022-12-15 14:48:10","2022-12-15 14:48:10"
49,5,7,"Cook for 1 to 2 minutes","2022-12-15 14:48:10","2022-12-15 14:48:10"
50,5,8,"Add the red bell pepper","2022-12-15 14:48:10","2022-12-15 14:48:10"
51,5,9,"Stir and cook for 1 minute more","2022-12-15 14:48:10","2022-12-15 14:48:10"
52,5,10,"Add salt and pepper to taste","2022-12-15 14:48:10","2022-12-15 14:48:10"
53,5,11,"Pour-in remaining beef broth","2022-12-15 14:48:10","2022-12-15 14:48:10"
54,5,12,"Let boil","2022-12-15 14:48:10","2022-12-15 14:48:10"
55,5,13,Stir,"2022-12-15 14:48:10","2022-12-15 14:48:10"
56,5,14,"Transfer to a serving bowl","2022-12-15 14:48:10","2022-12-15 14:48:10"
57,5,15,Serve,"2022-12-15 14:48:10","2022-12-15 14:48:10"
58,5,16,"Share and enjoy!","2022-12-15 14:48:10","2022-12-15 14:48:10"
59,6,1,"Heat cooking oil in a pan","2022-12-15 14:48:10","2022-12-15 14:48:10"
60,6,2,"Fry the tofu in medium heat for about 4 to 5 minutes per side","2022-12-15 14:48:10","2022-12-15 14:48:10"
61,6,3,"Turn off heat Remove the tofu from the pan and let cool","2022-12-15 14:48:10","2022-12-15 14:48:10"
62,6,4,"Slice the fried tofu into small cubes Set aside","2022-12-15 14:48:10","2022-12-15 14:48:10"
63,6,5,"On the same pan, remove excess cooking oil until about 1 tablespoon of oil is left","2022-12-15 14:48:10","2022-12-15 14:48:10"
64,6,6,"Heat the pan Saut?Ÿ?? garlic and onion for about 2 minutes","2022-12-15 14:48:10","2022-12-15 14:48:10"
65,6,7,"Put-in the sliced tofu and cook for 2 to 3 minutes","2022-12-15 14:48:10","2022-12-15 14:48:10"
66,6,8,"Add the oyster sauce and ground black pepper","2022-12-15 14:48:10","2022-12-15 14:48:10"
67,6,9,"Stir Put-in the kangkong","2022-12-15 14:48:10","2022-12-15 14:48:10"
68,6,10,"Stir fry for 4 to 5 minutes","2022-12-15 14:48:10","2022-12-15 14:48:10"
69,6,11,"Add salt to taste and then put-in the chilies","2022-12-15 14:48:10","2022-12-15 14:48:10"
70,6,12,"Turn off heat Transfer to a serving plate","2022-12-15 14:48:10","2022-12-15 14:48:10"
71,6,13,Serve,"2022-12-15 14:48:10","2022-12-15 14:48:10"
72,6,14,"Share and enjoy","2022-12-15 14:48:10","2022-12-15 14:48:10"
73,4,1,"Drain sardines and place in small mixing bowl","2022-12-15 14:48:10","2022-12-15 14:48:10"
74,4,2,"Add next 5 ingredients, mix well","2022-12-15 14:48:10","2022-12-15 14:48:10"
75,4,3,"Toast bread add sardine mixture evenly to 3 slices of toasted bread","2022-12-15 14:48:10","2022-12-15 14:48:10"
76,4,4,"Add greens Cover with remaining toast","2022-12-15 14:48:10","2022-12-15 14:48:10"
77,7,1,"You start by boiling the eggplant until its tender then remove the skin and chop","2022-12-15 14:48:10","2022-12-15 14:48:10"
78,7,2,"In a pan, make it nice and hot saut?Ÿ?? the garlic onions and tomatoes over medium to hight heat","2022-12-15 14:48:10","2022-12-15 14:48:10"
79,7,3,"Once you can already smell the aroma of the vegetables add in the chopped eggplant and toss in your Knorr Chicken cubes","2022-12-15 14:48:10","2022-12-15 14:48:10"
80,7,4,"Continue saut?Ÿ??ing for 5 minutes Add the scrambled eggs on top of the vegetables, try covering all sides","2022-12-15 14:48:10","2022-12-15 14:48:10"
81,7,5,"Continue to cook for about 3 minutes or until the egg is fully cooked","2022-12-15 14:48:10","2022-12-15 14:48:10"
82,7,6,"Now it&#039;s ready serve","2022-12-15 14:48:10","2022-12-15 14:48:10"
83,8,1,"In a medium-sized pan make it nice and warm over high-medium heat, add oil and saut?Ÿ?? onions until soft and brown","2022-12-15 14:48:10","2022-12-15 14:48:10"
84,8,2,"Add water ketchup and crushed Knorr Chicken cubes","2022-12-15 14:48:10","2022-12-15 14:48:10"
85,8,3,"Let it boil until everything is dissolved and mixed properly","2022-12-15 14:48:10","2022-12-15 14:48:10"
86,8,4,"Lower the heat to simmer","2022-12-15 14:48:10","2022-12-15 14:48:10"
87,8,5,"Add in the sliced pechay and egg halves","2022-12-15 14:48:10","2022-12-15 14:48:10"
88,8,6,"Continue to simmer until pechay is cooked","2022-12-15 14:48:10","2022-12-15 14:48:10"
89,8,7,"Try not to stir too much to prevent the eggs from deforming","2022-12-15 14:48:10","2022-12-15 14:48:10"
90,8,8,"Add the fried tofu cubes","2022-12-15 14:48:10","2022-12-15 14:48:10"
91,8,9,"Continue to simmer for 2-3 minutes","2022-12-15 14:48:10","2022-12-15 14:48:10"
92,8,10,"Serve hot and Enjoy","2022-12-15 14:48:10","2022-12-15 14:48:10"
93,8,1,"Heat oil in cooking pot","2022-12-15 14:48:10","2022-12-15 14:48:10"
94,9,2,"Put-in ginger and cook for a minute","2022-12-15 14:48:10","2022-12-15 14:48:10"
95,9,3,"Add the corn and chicken stock","2022-12-15 14:48:10","2022-12-15 14:48:10"
96,9,4,"Stir and let boil","2022-12-15 14:48:10","2022-12-15 14:48:10"
97,9,5,"Put-in the chicken, soy sauce, sesame oil, salt, and pepper","2022-12-15 14:48:10","2022-12-15 14:48:10"
98,9,6,"Let boil and cook for 7 to 10 minutes","2022-12-15 14:48:10","2022-12-15 14:48:10"
99,9,7,"Combine cornstarch with cold water and mix well","2022-12-15 14:48:10","2022-12-15 14:48:10"
100,9,8,"Add-in the mixture and stir continuously while cooking","2022-12-15 14:48:10","2022-12-15 14:48:10"
101,9,9,"Stir in the beaten eggs","2022-12-15 14:48:10","2022-12-15 14:48:10"
102,9,10,"Continue stirring to prevent the eggs from forming","2022-12-15 14:48:10","2022-12-15 14:48:10"
103,9,11,"Add the green onions and cook for another 2 minutes","2022-12-15 14:48:10","2022-12-15 14:48:10"
104,9,12,"Transfer to a serving bowl","2022-12-15 14:48:10","2022-12-15 14:48:10"
105,9,13,"Serve share and enjoy!","2022-12-15 14:48:10","2022-12-15 14:48:10"
106,10,1,"Place the ampalaya in a large bowl","2022-12-15 14:48:10","2022-12-15 14:48:10"
107,10,2,"Add salt and lukewarm water then leave for 5 minutesPlace the ampalaya in a cheesecloth then squeeze tightly until all liquid drips","2022-12-15 14:48:10","2022-12-15 14:48:10"
108,10,3,"Heat the pan and place the cooking oil","2022-12-15 14:48:10","2022-12-15 14:48:10"
109,10,4,"Saute the garlic, onion, and tomato","2022-12-15 14:48:10","2022-12-15 14:48:10"
110,10,5,"Add the ampalaya mix well with the other ingredients","2022-12-15 14:48:10","2022-12-15 14:48:10"
111,10,6,"Put-in salt and pepper to taste","2022-12-15 14:48:10","2022-12-15 14:48:10"
112,10,7,"Beat the eggs and pour over the ampalaya then let the eggs cook partially","2022-12-15 14:48:10","2022-12-15 14:48:10"
113,10,8,"Mix the egg with the other ingredientsServe hot","2022-12-15 14:48:10","2022-12-15 14:48:10"
114,10,9,"Share and Enjoy!","2022-12-15 14:48:10","2022-12-15 14:48:10"
115,11,1,"In a deep pan, heat and add olive oil","2022-12-15 14:48:10","2022-12-15 14:48:10"
116,11,2,"Saute onion, garlic tomatoes and chicken bouillon for few minutes","2022-12-15 14:48:10","2022-12-15 14:48:10"
117,11,3,"Add ground pork and stir","2022-12-15 14:48:10","2022-12-15 14:48:10"
118,11,4,"Cook for 5-10 minutes over medium low heat until light brown and fully cooked","2022-12-15 14:48:10","2022-12-15 14:48:10"
119,11,5,"Pour-in water and bring into a quick boil","2022-12-15 14:48:10","2022-12-15 14:48:10"
120,11,6,"Cover pan and reduce heat to simmer to about 10 minutes","2022-12-15 14:48:10","2022-12-15 14:48:10"
121,11,7,"Taste to see is salt is needed","2022-12-15 14:48:10","2022-12-15 14:48:10"
122,11,8,"Add accordingly","2022-12-15 14:48:10","2022-12-15 14:48:10"
123,11,9,"Add pechay and stir","2022-12-15 14:48:10","2022-12-15 14:48:10"
124,11,10,"Simmer for 2 minutes","2022-12-15 14:48:10","2022-12-15 14:48:10"
125,11,11,"Transfer in a serving dish and serve hot with steamed rice Enjoy!","2022-12-15 14:48:10","2022-12-15 14:48:10"
126,12,1,"Start by getting your pan nice and hot over high heat","2022-12-15 14:48:10","2022-12-15 14:48:10"
127,12,2,"Add oil and saut?Ÿ?? garlic onion and tomatoes until soft","2022-12-15 14:48:10","2022-12-15 14:48:10"
128,12,3,"Add the rest of the okra shredded tinapa Knorr Pork Cubes and water","2022-12-15 14:48:10","2022-12-15 14:48:10"
129,12,4,"Let it simmer for about 5 minutes and thats it","2022-12-15 14:48:10","2022-12-15 14:48:10"
130,13,1,"In a medium pan get it nice and war over high-medium heat add in the oil and saut?Ÿ?? the onions and garlic until soft and brown","2022-12-15 14:48:10","2022-12-15 14:48:10"
131,13,2,"Add in the ampalaya leaves water Knorr Chicken Cubes and deboned tinapa flakes","2022-12-15 14:48:10","2022-12-15 14:48:10"
132,13,3,"Let the dish simmer until all ingredients are fully cooked","2022-12-15 14:48:10","2022-12-15 14:48:10"
133,14,1,"Heat the cooking oil in a pan","2022-12-15 14:48:10","2022-12-15 14:48:10"
134,14,2,"Saut?Ÿ?? the garlic, onion, and tomato When the tomato becomes soft add the ground pork and then cook for 6 to 8 minutes","2022-12-15 14:48:10","2022-12-15 14:48:10"
135,14,3,"Put-in the chayote","2022-12-15 14:48:10","2022-12-15 14:48:10"
136,14,4,"Stir Cover Let boil and simmer for 7 to 10 minutes","2022-12-15 14:48:10","2022-12-15 14:48:10"
137,14,5,"Add salt and ground black pepper","2022-12-15 14:48:10","2022-12-15 14:48:10"
138,14,6,"Stir Serve with hot rice Share and enjoy!","2022-12-15 14:48:10","2022-12-15 14:48:10"
139,15,1,"Begin by getting a bowl and combine rock salt and banana heart","2022-12-15 14:48:10","2022-12-15 14:48:10"
140,15,2,"Leave this for 10 minutes Wash and squeeze well and repeat the process 2 - 3 times","2022-12-15 14:48:10","2022-12-15 14:48:10"
141,15,3,"Drain excess water","2022-12-15 14:48:10","2022-12-15 14:48:10"
142,15,4,"Set aside Get another bowl and combine the eggs banana heart garlic onions carrots dissolved Knorr Pork Cubes and 2 tbsp flour","2022-12-15 14:48:10","2022-12-15 14:48:10"
143,15,5,"Mix this well and shape into balls","2022-12-15 14:48:10","2022-12-15 14:48:10"
144,15,6,"Prepare 3 shallow trays for flour egg and breadcrumb mixture","2022-12-15 14:48:10","2022-12-15 14:48:10"
145,15,7,"Coat the banana heart balls in flour, dip it in beaten egg before rolling it in breadcrumbs","2022-12-15 14:48:10","2022-12-15 14:48:10"
146,15,8,"Fry the banana balls in a preheated pan filled with cooking oil and cook until brown in color","2022-12-15 14:48:10","2022-12-15 14:48:10"
147,15,9,"Get ready to taste and pair this with your favourite condiment of ketchup or sweet chili sauce","2022-12-15 14:48:10","2022-12-15 14:48:10"
148,15,10,"You will just love how delicious and healthy this dish is","2022-12-15 14:48:10","2022-12-15 14:48:10"
149,16,1,"First get a pot and get it nice and hot over medium high heat","2022-12-15 14:48:10","2022-12-15 14:48:10"
150,16,2,"Pour some oil and throw in the onion and half of the ginger","2022-12-15 14:48:10","2022-12-15 14:48:10"
151,16,3,"Gently add the chicken and saut?Ÿ?? for a good 1 minute","2022-12-15 14:48:10","2022-12-15 14:48:10"
152,16,4,"Drizzle fish sauce over and mix this well","2022-12-15 14:48:10","2022-12-15 14:48:10"
153,16,5,"Place the sayote and coconut meat before pouring the coconut water and the remaining ginger","2022-12-15 14:48:10","2022-12-15 14:48:10"
154,16,6,"Let this simmer for a minute before adding the Knorr Chicken Cubes","2022-12-15 14:48:10","2022-12-15 14:48:10"
155,16,7,"When the Chicken and vegetables are cooked through top the Tinola with dahon ng sili and simmer for another minute","2022-12-15 14:48:10","2022-12-15 14:48:10"
156,16,8,"This Tinola sa Buko definitely soothes and comforts","2022-12-15 14:48:10","2022-12-15 14:48:10"
157,16,9,"Serve this to your family and see their love for you grow immensely","2022-12-15 14:48:10","2022-12-15 14:48:10"
158,17,1,"Begin by getting your pan nice and hot over medium high heat","2022-12-15 14:48:10","2022-12-15 14:48:10"
159,17,2,"Pour some oil and throw in the garlic and saut?Ÿ?? this until lightly brown","2022-12-15 14:48:10","2022-12-15 14:48:10"
160,17,3,"Into the pan toss the beef and saut?Ÿ?? a good 1 minute over high heat, continue cooking until meat turns brown","2022-12-15 14:48:10","2022-12-15 14:48:10"
161,17,4,"Remove the meat and set this aside","2022-12-15 14:48:10","2022-12-15 14:48:10"
162,17,5,"Using the same pan, add the water next and bring this to a boil before adding the Knorr Beef Cube and sigarilyas","2022-12-15 14:48:10","2022-12-15 14:48:10"
163,17,6,"Simmer until the vegetable is cooked","2022-12-15 14:48:10","2022-12-15 14:48:10"
164,17,7,"Return the beef back and just give this a nice sprinkle of Knorr Liquid Seasoning sugar and pepper","2022-12-15 14:48:10","2022-12-15 14:48:10"
165,17,8,"Mix well before adding the cornstarch dissolved in water","2022-12-15 14:48:10","2022-12-15 14:48:10"
166,17,9,"Continue to cook until sauce thickens and thats our dish Just taste and adjust the seasoning","2022-12-15 14:48:10","2022-12-15 14:48:10"
167,18,1,"In a large pot Add the water place the cubed squash, chopped onion and Knorr Chicken Cubes and let it simmer until the squash cubes are fork tender","2022-12-15 14:48:10","2022-12-15 14:48:10"
168,18,2,"Once the squash is soft and tender add the malunggay leaves and let it simmer for about 1 minute","2022-12-15 14:48:10","2022-12-15 14:48:10"
169,18,1,"Begin by making the annatto seed oil by saut?Ÿ??ing 1 tablespoon of atsuete seeds in 3 tablespoons vegetable oil","2022-12-15 14:48:10","2022-12-15 14:48:10"
170,18,2,"Once the seeds turn dark, remove and discard","2022-12-15 14:48:10","2022-12-15 14:48:10"
171,18,3,"Next peel back corn husks making sure they are still attached","2022-12-15 14:48:10","2022-12-15 14:48:10"
172,18,4,"Remove and discard silk or corn hair","2022-12-15 14:48:10","2022-12-15 14:48:10"
173,18,5,"Pull the husks back over the corn and let it soak in cold water for about 10 minutes (this is to prevent the corn from burning when grilling)","2022-12-15 14:48:10","2022-12-15 14:48:10"
174,18,6,"Set the grill on high heat and grill the corn, rotating occasionally until the husks are slightly charred and corn is tender","2022-12-15 14:48:10","2022-12-15 14:48:10"
175,18,7,"This will take about 15 to 20 minutes","2022-12-15 14:48:10","2022-12-15 14:48:10"
176,18,8,"Get a bowl and combine softened butter Knorr Liquid Seasoning Knorr Chicken Cube grated ginger and annatto seed oil","2022-12-15 14:48:10","2022-12-15 14:48:10"
177,18,9,"Carefully peel back husks with towel using a knife","2022-12-15 14:48:10","2022-12-15 14:48:10"
178,18,10,"Brush to coat the kernels with Knorr inasal mixture and that?›ƒ?ªƒ?›s it","2022-12-15 14:48:10","2022-12-15 14:48:10"
179,18,11,"Serve hot with your favourite grilled meat or eat as is","2022-12-15 14:48:10","2022-12-15 14:48:10"
180,18,12,"This will definitely make your day","2022-12-15 14:48:10","2022-12-15 14:48:10"
181,19,1,"Begin by making the annatto seed oil by saut?Ÿ??ing 1 tablespoon of atsuete seeds in 3 tablespoons vegetable oil","2022-12-15 14:48:10","2022-12-15 14:48:10"
182,19,2,"Once the seeds turn dark, remove and discard","2022-12-15 14:48:10","2022-12-15 14:48:10"
183,19,3,"Next peel back corn husks making sure they are still attached","2022-12-15 14:48:10","2022-12-15 14:48:10"
184,19,4,"Remove and discard silk or corn hair","2022-12-15 14:48:10","2022-12-15 14:48:10"
185,19,5,"Pull the husks back over the corn and let it soak in cold water for about 10 minutes (this is to prevent the corn from burning when grilling)","2022-12-15 14:48:10","2022-12-15 14:48:10"
186,19,6,"Set the grill on high heat and grill the corn, rotating occasionally until the husks are slightly charred and corn is tender","2022-12-15 14:48:10","2022-12-15 14:48:10"
187,19,7,"This will take about 15 to 20 minutes","2022-12-15 14:48:10","2022-12-15 14:48:10"
188,19,8,"Get a bowl and combine softened butter Knorr Liquid Seasoning Knorr Chicken Cube grated ginger and annatto seed oil","2022-12-15 14:48:10","2022-12-15 14:48:10"
189,19,9,"Carefully peel back husks with towel using a knife","2022-12-15 14:48:10","2022-12-15 14:48:10"
190,19,10,"Brush to coat the kernels with Knorr inasal mixture and that?›ƒ?ªƒ?›s it","2022-12-15 14:48:10","2022-12-15 14:48:10"
191,19,11,"Serve hot with your favourite grilled meat or eat as is","2022-12-15 14:48:10","2022-12-15 14:48:10"
192,19,12,"This will definitely make your day","2022-12-15 14:48:10","2022-12-15 14:48:10"
193,20,1,"Heat a cooking pot then and add the bacon fat","2022-12-15 14:48:10","2022-12-15 14:48:10"
194,20,2,"Saut?Ÿ?? the ginger for 1 to 2 minutes","2022-12-15 14:48:10","2022-12-15 14:48:10"
195,20,3,"Add the chicken and cook until outer part turns brown","2022-12-15 14:48:10","2022-12-15 14:48:10"
196,20,4,"Pour-in the fish sauce and cook in low heat for 5 minutes","2022-12-15 14:48:10","2022-12-15 14:48:10"
197,20,5,"Pour the chicken broth and increase the heat to medium then let boil","2022-12-15 14:48:10","2022-12-15 14:48:10"
198,20,6,"Simmer for 30 minutes or until the chicken is tender and at least half of the liquid evaporates","2022-12-15 14:48:10","2022-12-15 14:48:10"
199,20,7,"Add the spinach and cook for a few seconds","2022-12-15 14:48:10","2022-12-15 14:48:10"
200,20,8,"Turn of heat and cover for at least 2 minutes to further cook the spinach","2022-12-15 14:48:10","2022-12-15 14:48:10"
201,20,9,"Transfer to a serving bowl and serve share and enjoy!","2022-12-15 14:48:10","2022-12-15 14:48:10"
202,21,1,"Bring the mung beans and the water to a boil in a pot cook at a boil until the beans are soft about 40 minutes","2022-12-15 14:48:10","2022-12-15 14:48:10"
203,21,2,"Mash the beans set aside","2022-12-15 14:48:10","2022-12-15 14:48:10"
204,21,3,"Heat the olive oil in a large pot cook and stir the onion and garlic in the hot oil over medium heat until softened 5 to 7 minutes","2022-12-15 14:48:10","2022-12-15 14:48:10"
205,21,4,"Add the pork season with salt and pepper","2022-12-15 14:48:10","2022-12-15 14:48:10"
206,21,5,"Continue cooking the mixture another 3 minutes","2022-12-15 14:48:10","2022-12-15 14:48:10"
207,21,6,"Gently stir the prawns into the mixture cook 2 minutes more","2022-12-15 14:48:10","2022-12-15 14:48:10"
208,21,7,"Add the tomatoes cook another 3 minutes","2022-12-15 14:48:10","2022-12-15 14:48:10"
209,21,8,"Reduce heat and pour the chicken broth over the mixture allow the mixture to simmer in the broth for 5 minutes","2022-12-15 14:48:10","2022-12-15 14:48:10"
210,21,9,"Add the mashed beans to the soup; mix well","2022-12-15 14:48:10","2022-12-15 14:48:10"
211,21,10,"Cook another 5 minutes, stirring frequently to prevent any of the mixture from sticking to the bottom of the pot","2022-12-15 14:48:10","2022-12-15 14:48:10"
212,21,11,"Add more chicken broth or water if the soup is too thick","2022-12-15 14:48:10","2022-12-15 14:48:10"
213,21,12,"Stir the spinach leaves into the soup and cook 2 minutes more before serving hot","2022-12-15 14:48:10","2022-12-15 14:48:10"
214,22,1,"Fry the tofu","2022-12-15 14:48:10","2022-12-15 14:48:10"
215,22,2,"Same pan saute garlic onion tomatoes and let the chicken cube dissolved","2022-12-15 14:48:10","2022-12-15 14:48:10"
216,22,3,"Mix well the tofu","2022-12-15 14:48:10","2022-12-15 14:48:10"
217,23,1,"Cut the sitaw into uniform lengths to ensure even cooking","2022-12-15 14:48:10","2022-12-15 14:48:10"
218,23,2,"For the best texture do not overcook the long beans","2022-12-15 14:48:10","2022-12-15 14:48:10"
219,23,3,"Allow the adobo sauce to reduce before adding the sitaw, increase the heat and then stir-fry the vegetable just until tender-crisp","2022-12-15 14:48:10","2022-12-15 14:48:10"
220,23,4,"To add an extra depth of flavor, stir in 1 to 2 tablespoons of oyster sauce","2022-12-15 14:48:10","2022-12-15 14:48:10"
221,23,5,"Want a bit of heat? Add dried red chili pepper flakes to taste!For crunch and to amp up the presentation garnish with toasted garlic bits before serving","2022-12-15 14:48:10","2022-12-15 14:48:10"
222,23,1,"Cut the sitaw into uniform lengths to ensure even cooking","2022-12-15 14:48:10","2022-12-15 14:48:10"
223,23,2,"For the best texture do not overcook the long beans","2022-12-15 14:48:10","2022-12-15 14:48:10"
224,23,3,"Allow the adobo sauce to reduce before adding the sitaw, increase the heat and then stir-fry the vegetable just until tender-crisp","2022-12-15 14:48:10","2022-12-15 14:48:10"
225,23,4,"To add an extra depth of flavor, stir in 1 to 2 tablespoons of oyster sauce","2022-12-15 14:48:10","2022-12-15 14:48:10"
226,23,5,"Want a bit of heat? Add dried red chili pepper flakes to taste!For crunch and to amp up the presentation garnish with toasted garlic bits before serving","2022-12-15 14:48:10","2022-12-15 14:48:10"
227,24,1,"In a wide pan over medium heat, heat about 3 tablespoons of the oil","2022-12-15 14:48:10","2022-12-15 14:48:10"
228,24,2,"Add eggplant and cook until lightly browned","2022-12-15 14:48:10","2022-12-15 14:48:10"
229,24,3,"Remove from pan and drain on paper towels","2022-12-15 14:48:10","2022-12-15 14:48:10"
230,24,4,"In the pan heat the remaining 1 tablespoon oil","2022-12-15 14:48:10","2022-12-15 14:48:10"
231,24,5,"Add garlic and cook stirring regularly until lightly browned","2022-12-15 14:48:10","2022-12-15 14:48:10"
232,24,6,"Add vinegar water and soy sauce and bring to a boil uncovered and without stirring, for about 2 to 3 minutes until slightly reduced","2022-12-15 14:48:10","2022-12-15 14:48:10"
233,24,7,"Add eggplant and chili peppers","2022-12-15 14:48:10","2022-12-15 14:48:10"
234,24,8,"Cook, covered, for about 4 to 5 minutes or until tender","2022-12-15 14:48:10","2022-12-15 14:48:10"
235,24,9,"Season with salt and pepper to taste","2022-12-15 14:48:10","2022-12-15 14:48:10"
236,24,10,"Serve hot","2022-12-15 14:48:10","2022-12-15 14:48:10"
237,25,1,"Heat oil in a pan","2022-12-15 14:48:10","2022-12-15 14:48:10"
238,25,2,"Saut?Ÿ?? garlic and tomato","2022-12-15 14:48:10","2022-12-15 14:48:10"
239,25,3,"Add the pork","2022-12-15 14:48:10","2022-12-15 14:48:10"
240,25,4,"Cook for 3 minutes","2022-12-15 14:48:10","2022-12-15 14:48:10"
241,25,5,"Pour 1 cup water","2022-12-15 14:48:10","2022-12-15 14:48:10"
242,25,6,"Let boil","2022-12-15 14:48:10","2022-12-15 14:48:10"
243,25,7,"Adjust the heat to medium and then continue to cook until the liquid completely evaporates","2022-12-15 14:48:10","2022-12-15 14:48:10"
244,25,8,"Add the sliced upo","2022-12-15 14:48:10","2022-12-15 14:48:10"
245,25,9,"Stir and then cook for 5 minutes","2022-12-15 14:48:10","2022-12-15 14:48:10"
246,25,10,"Season with ground black pepper and fish sauce","2022-12-15 14:48:10","2022-12-15 14:48:10"
247,25,11,"Add water Cook for 2 minutes","2022-12-15 14:48:10","2022-12-15 14:48:10"
248,25,12,"Transfer to a serving bowl","2022-12-15 14:48:10","2022-12-15 14:48:10"
249,25,13,"ServeShare and enjoy","2022-12-15 14:48:10","2022-12-15 14:48:10"
250,26,1,"In a medium pot get it nice and warm over medium-high heat","2022-12-15 14:48:10","2022-12-15 14:48:10"
251,26,2,"Add the oil then saut?Ÿ?? onions and garlic until soft and aromatic","2022-12-15 14:48:10","2022-12-15 14:48:10"
252,26,3,"Put in the sliced potatoes, then add your Knorr chicken cubes and water","2022-12-15 14:48:10","2022-12-15 14:48:10"
253,26,4,"Let it boil then lower the heat to simmer","2022-12-15 14:48:10","2022-12-15 14:48:10"
254,26,5,"Cook until potatoes are nice and tender","2022-12-15 14:48:10","2022-12-15 14:48:10"
255,26,6,"Season with salt and pepper to taste","2022-12-15 14:48:10","2022-12-15 14:48:10"
256,27,1,"In a non-stick pan add a small amount of oil then pan fry cubed potatoes until golden brown on some sides and crunchy","2022-12-15 14:48:10","2022-12-15 14:48:10"
257,27,2,"Season eggs with salt then pour into the pan making sure potatoes are coated with egg continue to cook  until eggs are set and firm","2022-12-15 14:48:10","2022-12-15 14:48:10"
258,27,3,"Remove from pan then serve enjoy on its own or with ketchup","2022-12-15 14:48:10","2022-12-15 14:48:10"
259,28,1,"Rub salt all over the fish","2022-12-15 14:48:10","2022-12-15 14:48:10"
260,28,2,"Let it stay for 5 minutes","2022-12-15 14:48:10","2022-12-15 14:48:10"
261,28,3,"Distribute the pork fat in a cooking pot","2022-12-15 14:48:10","2022-12-15 14:48:10"
262,28,4,"Add kamias onion tomato ginger and long green pepper","2022-12-15 14:48:10","2022-12-15 14:48:10"
263,28,5,"Arrange the fish over the ingredients and season with ground black pepper","2022-12-15 14:48:10","2022-12-15 14:48:10"
264,28,6,"Pour water into the pot","2022-12-15 14:48:10","2022-12-15 14:48:10"
265,28,7,"Cover it and turn the stove on","2022-12-15 14:48:10","2022-12-15 14:48:10"
266,28,8,"Let the water boil","2022-12-15 14:48:10","2022-12-15 14:48:10"
267,28,9,"Adjust heat to low","2022-12-15 14:48:10","2022-12-15 14:48:10"
268,28,10,"Continue cooking for 15 minutes","2022-12-15 14:48:10","2022-12-15 14:48:10"
269,28,11,"Adjust the seasoning by adding salt if needed","2022-12-15 14:48:10","2022-12-15 14:48:10"
270,28,12,"Continue cooking without covering the pot until the sauce reduces to half","2022-12-15 14:48:10","2022-12-15 14:48:10"
271,28,13,"Transfer to a serving plate","2022-12-15 14:48:10","2022-12-15 14:48:10"
272,28,14,"Serve with warm rice Share and enjoy!","2022-12-15 14:48:10","2022-12-15 14:48:10"
273,29,1,"Cook this delightful and pleasing soup in an instant","2022-12-15 14:48:10","2022-12-15 14:48:10"
274,29,2,"You just need to grab a pot and with a little bit of oil, over medium high heat, saut?Ÿ?? chicken breasts and crushed garlic together","2022-12-15 14:48:10","2022-12-15 14:48:10"
275,29,3,"Now, you have to stir this well and pour a little water to prevent the chicken and garlic from sticking to the pan","2022-12-15 14:48:10","2022-12-15 14:48:10"
276,29,4,"Now you will see that the chicken will turn white","2022-12-15 14:48:10","2022-12-15 14:48:10"
277,29,5,"Pour 4 cups of water, add Knorr Chicken Cubes and bring this to a boil","2022-12-15 14:48:10","2022-12-15 14:48:10"
278,29,6,"You should be able to smell the aroma of the cooked chicken in the broth","2022-12-15 14:48:10","2022-12-15 14:48:10"
279,29,7,"Next lower the hear to medium-low setting then drop the upo and patola into the pot and let these simmer for another 3 minutes before adding the raw egg","2022-12-15 14:48:10","2022-12-15 14:48:10"
280,29,8,"Add the misua and bring to a boil until cooked","2022-12-15 14:48:10","2022-12-15 14:48:10"
281,29,9,"Go that extra mile when you serve this dish to your family by topping your soup with boiled eggs just before serving","2022-12-15 14:48:10","2022-12-15 14:48:10"
282,29,10,"A little love goes a long way","2022-12-15 14:48:10","2022-12-15 14:48:10"
283,30,1,"Begin by getting your pan nice and hot over medium high heat","2022-12-15 14:48:10","2022-12-15 14:48:10"
284,30,2,"Pour some oil and throw in the onion and garlic and just saut?Ÿ?? until toasted","2022-12-15 14:48:10","2022-12-15 14:48:10"
285,30,3,"Gently add the carrots and tinapa flakes in and give this a minute to cook","2022-12-15 14:48:10","2022-12-15 14:48:10"
286,30,4,"Pour in the Knorr Liquid Seasoning and mix this well","2022-12-15 14:48:10","2022-12-15 14:48:10"
287,30,5,"Remove from heat and set aside to cool down","2022-12-15 14:48:10","2022-12-15 14:48:10"
288,30,6,"Now place a spoonful of the mixture in the lumpia wrapper, roll into a log and seal with a flour-water mixture or beaten egg","2022-12-15 14:48:10","2022-12-15 14:48:10"
289,30,7,"Deep fry in hot oil until brown and crisp","2022-12-15 14:48:10","2022-12-15 14:48:10"
290,30,8,"Drain on a plate lined with paper towels and that?›ƒ?ªƒ?›s our dish! You will definitely eat more than usual when your mom serves you Crispy Tinapa Rolls","2022-12-15 14:48:10","2022-12-15 14:48:10"
291,30,9,"This recipe will surely keep you coming back for more!","2022-12-15 14:48:10","2022-12-15 14:48:10"
292,31,1,"Line each pan with Banana leaf then grease with melted butter","2022-12-15 14:48:10","2022-12-15 14:48:10"
293,31,2,"Set aside","2022-12-15 14:48:10","2022-12-15 14:48:10"
294,31,3,"For the Bibingka mixture: Sift together Cake flour Rice flour Sugar and baking powder","2022-12-15 14:48:10","2022-12-15 14:48:10"
295,31,4,"Add in the coconut milk melted margarine eggs and grated Eden Original","2022-12-15 14:48:10","2022-12-15 14:48:10"
296,31,5,"Mix until blended","2022-12-15 14:48:10","2022-12-15 14:48:10"
297,31,6,"Pour Bibingka mixture onto the prepared pans","2022-12-15 14:48:10","2022-12-15 14:48:10"
298,31,7,"Top with sliced Salted Egg","2022-12-15 14:48:10","2022-12-15 14:48:10"
299,31,8,"Steam for 15-20 minutes or until the center is firm","2022-12-15 14:48:10","2022-12-15 14:48:10"
300,31,9,"Let it cool","2022-12-15 14:48:10","2022-12-15 14:48:10"
301,31,10,"Slightly grill the bottom part over low flame","2022-12-15 14:48:10","2022-12-15 14:48:10"
302,31,11,"Brush with melted margarine then top with Eden Original strips and granulated sugar","2022-12-15 14:48:10","2022-12-15 14:48:10"
303,31,12,"Optional To make the top golden brown in color bake for at least 3-5 minutes using an oven toaster","2022-12-15 14:48:10","2022-12-15 14:48:10"
304,32,1,"To prepare the crust, combine all the ingredients until well incorporated","2022-12-15 14:48:10","2022-12-15 14:48:10"
305,32,2,"Press into the bottom of a 7?›ƒ?ª? cake or spring form pan and chill for 10-15 minutes","2022-12-15 14:48:10","2022-12-15 14:48:10"
306,32,3,"To make the Cheesecake base, mix the cream cheese, sugar and vanilla until well combined","2022-12-15 14:48:10","2022-12-15 14:48:10"
307,32,4,"In a small pot, melt the gelatin over low heat until dissolved then gradually add into the cream cheese mixture","2022-12-15 14:48:10","2022-12-15 14:48:10"
308,32,5,"Mix until well blended","2022-12-15 14:48:10","2022-12-15 14:48:10"
309,32,6,"Fold the whipped cream into cream cheese mixture","2022-12-15 14:48:10","2022-12-15 14:48:10"
310,32,7,"Pour and spread into the prepared crust","2022-12-15 14:48:10","2022-12-15 14:48:10"
311,32,8,"Freeze for atleast 4 hours or until set","2022-12-15 14:48:10","2022-12-15 14:48:10"
312,32,9,"Top with whipped cream and OREO Cookies","2022-12-15 14:48:10","2022-12-15 14:48:10"
313,33,1,"To prepare the filling mix together Eden cream cheese whipped Nestle All-Purpose Cream and condensed milk until fully combined","2022-12-15 14:48:10","2022-12-15 14:48:10"
314,33,2,"Add in half of the sliced Mango","2022-12-15 14:48:10","2022-12-15 14:48:10"
315,33,3,"To assemble layer the Graham Crackers then add in 1 cup of the mixture","2022-12-15 14:48:10","2022-12-15 14:48:10"
316,33,4,"Repeat until you created four layers of Graham Crackers and filling","2022-12-15 14:48:10","2022-12-15 14:48:10"
317,33,5,"Top with the remaining sliced Mango chill for at least 4 hours then serve","2022-12-15 14:48:10","2022-12-15 14:48:10"
318,34,1,"Roll the banana on the brown sugar","2022-12-15 14:48:10","2022-12-15 14:48:10"
319,34,2,"Place the banana with sugar coating in the lumpia wrapper","2022-12-15 14:48:10","2022-12-15 14:48:10"
320,34,3,"Add Eden cheese slices","2022-12-15 14:48:10","2022-12-15 14:48:10"
321,34,4,"Fold and lock the wrapper then use water to seal the edge","2022-12-15 14:48:10","2022-12-15 14:48:10"
322,34,5,"In a pan heat the oil","2022-12-15 14:48:10","2022-12-15 14:48:10"
323,34,6,"Put in the wrapped banana and fry until the wrapper turns golden brown","2022-12-15 14:48:10","2022-12-15 14:48:10"
324,34,7,"Serve warm","2022-12-15 14:48:10","2022-12-15 14:48:10"
325,35,1,"Pour the coconut milk in a pot and bring to a boil","2022-12-15 14:48:10","2022-12-15 14:48:10"
326,35,2,"Add the sugar, condensed milk, and whole sweet kernel corn","2022-12-15 14:48:10","2022-12-15 14:48:10"
327,35,3,"Stir until all the ingredients are evenly distributed","2022-12-15 14:48:10","2022-12-15 14:48:10"
328,35,4,"Simmer for 8 minutes","2022-12-15 14:48:10","2022-12-15 14:48:10"
329,35,5,"Dilute the cornstarch in the milk","2022-12-15 14:48:10","2022-12-15 14:48:10"
330,35,6,"Pour the mixture in the pot and stir thoroughly","2022-12-15 14:48:10","2022-12-15 14:48:10"
331,35,7,"Cook while stirring until the mixture reaches your desired thickness","2022-12-15 14:48:10","2022-12-15 14:48:10"
332,35,8,"Stir in Eden cheese","2022-12-15 14:48:10","2022-12-15 14:48:10"
333,36,1,"Preheat the oven to 325F","2022-12-15 14:48:10","2022-12-15 14:48:10"
334,36,2,"Line cookie sheet with parchment paper or foil","2022-12-15 14:48:10","2022-12-15 14:48:10"
335,36,3,"Combine all the ingredients in a large bowl","2022-12-15 14:48:10","2022-12-15 14:48:10"
336,36,4,"Stir until well combined","2022-12-15 14:48:10","2022-12-15 14:48:10"
337,36,5,"Drop dough by rounded tablespoons, 1 inch apart, on prepared cookie sheets","2022-12-15 14:48:10","2022-12-15 14:48:10"
338,36,6,"Bake for 25 minutes until lightly golden","2022-12-15 14:48:10","2022-12-15 14:48:10"
339,36,7,"Cool for 1 minute","2022-12-15 14:48:10","2022-12-15 14:48:10"
340,36,8,"May be served warm or at room temperature","2022-12-15 14:48:10","2022-12-15 14:48:10"
341,37,1,"In a bowl combine chicken red chili powder white pepper powder dried basil dried parsley dried rosemary corn flour ginger garlic mint leaves and green chili","2022-12-15 14:48:10","2022-12-15 14:48:10"
342,37,2,"Mix well","2022-12-15 14:48:10","2022-12-15 14:48:10"
343,37,3,"Form 2-inch balls from chicken mixture and place on a lined baking pan","2022-12-15 14:48:10","2022-12-15 14:48:10"
344,37,4,"Flatten each ball place a cheese cube and roll back into a ball","2022-12-15 14:48:10","2022-12-15 14:48:10"
345,37,5,"Repeat the process","2022-12-15 14:48:10","2022-12-15 14:48:10"
346,37,6,"Dip each ball in the egg white and coat evenly with breadcrumbs","2022-12-15 14:48:10","2022-12-15 14:48:10"
347,38,1,"In a bowl, combine the flour, cornstarch, egg, garlic, water, fish sauce, and pepper","2022-12-15 14:48:10","2022-12-15 14:48:10"
348,38,2,"Mix until free from lumps","2022-12-15 14:48:10","2022-12-15 14:48:10"
349,38,3,"Add the squash, green onions, carrots, and shrimp","2022-12-15 14:48:10","2022-12-15 14:48:10"
350,38,4,"In a frying pan, heat the oil and deep fry the fritters until crispy and lightly brown","2022-12-15 14:48:10","2022-12-15 14:48:10"
351,38,5,"Once cooked, drain the okoy fritters on a paper towel","2022-12-15 14:48:10","2022-12-15 14:48:10"
352,38,6,"Top with grated Eden Original cheese while hot then serve","2022-12-15 14:48:10","2022-12-15 14:48:10"
353,39,1,"Cut the camote into strips","2022-12-15 14:48:10","2022-12-15 14:48:10"
354,39,2,"Add the brown sugar and flour to the water and stir until well blended","2022-12-15 14:48:10","2022-12-15 14:48:10"
355,39,3,"Mix the camote strips and flour mixture with a spoon","2022-12-15 14:48:10","2022-12-15 14:48:10"
356,39,4,"Heat the oil in a frying pan or deep pan","2022-12-15 14:48:10","2022-12-15 14:48:10"
357,39,5,"Fry battered camote until golden brown","2022-12-15 14:48:10","2022-12-15 14:48:10"
358,39,6,"Mix grated Eden cheese and sugar on a plate","2022-12-15 14:48:10","2022-12-15 14:48:10"
359,39,7,"Roll maruya in the mixture before serving on top of banana leaves","2022-12-15 14:48:10","2022-12-15 14:48:10"
360,40,1,"Brush the one side of each tortilla with butter","2022-12-15 14:48:10","2022-12-15 14:48:10"
361,40,2,"Place the two tortillas, buttered side down, on a griddle","2022-12-15 14:48:10","2022-12-15 14:48:10"
362,40,3,"Add the Eden cheese, onion, tomato, and chicken","2022-12-15 14:48:10","2022-12-15 14:48:10"
363,40,4,"Top with the remaining tortillas, buttered side up","2022-12-15 14:48:10","2022-12-15 14:48:10"
364,40,5,"Cook over medium heat for 3-4 minutes on each side or until lightly browned","2022-12-15 14:48:10","2022-12-15 14:48:10"
365,40,6,"Cut into wedges","2022-12-15 14:48:10","2022-12-15 14:48:10"
366,41,1,"Fill a large pot with lightly salted water and bring to a rolling boil; stir in vermicelli pasta and return to a boil","2022-12-15 14:48:10","2022-12-15 14:48:10"
367,41,2,"Cook pasta uncovered, stirring occasionally, until the pasta is tender yet firm to the bite, 3 to 5 minutes","2022-12-15 14:48:10","2022-12-15 14:48:10"
368,41,3,"Fill a large bowl with warm water","2022-12-15 14:48:10","2022-12-15 14:48:10"
369,41,4,"Dip one wrapper into the hot water for 1 second to soften","2022-12-15 14:48:10","2022-12-15 14:48:10"
370,41,5,"Lay wrapper flat; place 2 shrimp halves in a row across the center, add some vermicelli, lettuce, mint, cilantro, and basil, leaving about 2 inches uncovered on each side","2022-12-15 14:48:10","2022-12-15 14:48:10"
371,41,6,"Fold uncovered sides inward, then tightly roll the wrapper, beginning at the end with lettuce","2022-12-15 14:48:10","2022-12-15 14:48:10"
372,41,7,"Repeat with remaining ingredients","2022-12-15 14:48:10","2022-12-15 14:48:10"
373,41,8,"Mix water, lime juice, sugar, fish sauce, garlic, and chili sauce in a small bowl until well combined","2022-12-15 14:48:10","2022-12-15 14:48:10"
374,41,9,"Mix hoisin sauce and peanuts in a separate small bowl","2022-12-15 14:48:10","2022-12-15 14:48:10"
375,41,10,"Serve rolled spring rolls with fish sauce and hoisin sauce mixtures","2022-12-15 14:48:10","2022-12-15 14:48:10"
376,42,1,"Boil water, sugar, salt, and vegetable oil","2022-12-15 14:48:10","2022-12-15 14:48:10"
377,42,2,"Remove from the heat, then stir in flour","2022-12-15 14:48:10","2022-12-15 14:48:10"
378,42,3,"Transfer the dough to a pastry bag and pipe into strips","2022-12-15 14:48:10","2022-12-15 14:48:10"
379,42,4,"Fry the strips in hot oil until they&#039;re golden","2022-12-15 14:48:10","2022-12-15 14:48:10"
380,42,5,"Drain the churros, then roll in cinnamon-sugar","2022-12-15 14:48:10","2022-12-15 14:48:10"
381,42,6,"Keep the oil temperature consistently between 350 and 375 degrees F (175 and 190 degrees C) as you fry","2022-12-15 14:48:10","2022-12-15 14:48:10"
382,42,7,"If it gets too hot, turn off the heat and let the temperature drop down to that range","2022-12-15 14:48:10","2022-12-15 14:48:10"
383,43,1,"Heat the oil to 365 degrees F in a heavy saucepan","2022-12-15 14:48:10","2022-12-15 14:48:10"
384,43,2,"One at a time, coat each mozzarella stick in the flour mixture, then the egg mixture, then in the garlic-spiked bread crumbs","2022-12-15 14:48:10","2022-12-15 14:48:10"
385,43,3,"Drop the sticks into the hot oil and fry for about 30 seconds, or until golden-brown","2022-12-15 14:48:10","2022-12-15 14:48:10"
386,43,4,"Drain the fried mozzarella sticks on paper towels","2022-12-15 14:48:10","2022-12-15 14:48:10"
387,44,1,"Preheat oven to 350 degrees F (175 degrees C)","2022-12-15 14:48:10","2022-12-15 14:48:10"
388,44,2,"Stack tortillas in layers of 5 or 6","2022-12-15 14:48:10","2022-12-15 14:48:10"
389,44,3,"Cut through each stack to make 8 wedges","2022-12-15 14:48:10","2022-12-15 14:48:10"
390,44,4,"Arrange wedges in a single layer on rimmed baking sheets","2022-12-15 14:48:10","2022-12-15 14:48:10"
391,44,5,"Combine lime juice and oil in a spray bottle or mister; shake until well mixed","2022-12-15 14:48:10","2022-12-15 14:48:10"
392,44,6,"Spray the tops of the tortilla wedges until slightly moist","2022-12-15 14:48:10","2022-12-15 14:48:10"
393,44,7,"Combine cumin, chili powder, and salt in a small bowl; sprinkle mixture over the chips","2022-12-15 14:48:10","2022-12-15 14:48:10"
394,44,8,"Bake in the preheated oven for 7 minutes","2022-12-15 14:48:10","2022-12-15 14:48:10"
395,44,9,"Remove from the oven","2022-12-15 14:48:10","2022-12-15 14:48:10"
396,44,10,"Flip chips, then mist and season again","2022-12-15 14:48:10","2022-12-15 14:48:10"
397,44,11,"Return to the oven, rotating the pans and switching racks","2022-12-15 14:48:10","2022-12-15 14:48:10"
398,44,12,"Bake, checking often to ensure they don&#039;t burn, until chips are lightly browned and crisp, 5 to 8 more minutes","2022-12-15 14:48:10","2022-12-15 14:48:10"
399,44,13,"Remove from the oven and cool slightly before serving","2022-12-15 14:48:10","2022-12-15 14:48:10"
400,44,14,"Chips will crisp up more as they cool","2022-12-15 14:48:10","2022-12-15 14:48:10"
401,45,1,"Heat vegetable oil in a large pot over medium heat","2022-12-15 14:48:10","2022-12-15 14:48:10"
402,45,2,"Stir in popcorn kernels and sugar","2022-12-15 14:48:10","2022-12-15 14:48:10"
403,45,3,"Cover and shake the pot constantly to prevent sugar from burning","2022-12-15 14:48:10","2022-12-15 14:48:10"
404,45,4,"When popping has slowed to once every 2 to 3 seconds, remove the pot from the heat and shake for a few minutes until popping stops","2022-12-15 14:48:10","2022-12-15 14:48:10"
405,45,5,"Pour popcorn into a large bowl and allow to cool, stirring occasionally to break up large clumps","2022-12-15 14:48:10","2022-12-15 14:48:10"
406,46,1,"Preheat the oven to 350 degrees F (175 degrees C)","2022-12-15 14:48:10","2022-12-15 14:48:10"
407,46,2,"Prepare a baking sheet with cooking spray","2022-12-15 14:48:10","2022-12-15 14:48:10"
408,46,3,"Clean mushrooms with a damp paper towel","2022-12-15 14:48:10","2022-12-15 14:48:10"
409,46,4,"Carefully break stems from mushrooms","2022-12-15 14:48:10","2022-12-15 14:48:10"
410,46,5,"Finely chop stems and set caps aside","2022-12-15 14:48:10","2022-12-15 14:48:10"
411,46,6,"Heat oil in a large skillet over medium heat","2022-12-15 14:48:10","2022-12-15 14:48:10"
412,46,7,"Fry chopped mushroom stems and garlic in hot oil until any moisture has disappeared, taking care not to burn the garlic, 3 to 5 minutes","2022-12-15 14:48:10","2022-12-15 14:48:10"
413,46,8,"Spread mushroom mixture into a bowl to cool completely, about 10 minutes","2022-12-15 14:48:10","2022-12-15 14:48:10"
414,46,9,"Stir cream cheese, Parmesan cheese, black pepper, onion powder, and cayenne pepper into the cooled mushroom mixture until very thick and completely mixed","2022-12-15 14:48:10","2022-12-15 14:48:10"
415,46,10,"Use a small spoon to fill each mushroom cap with a generous amount of stuffing","2022-12-15 14:48:10","2022-12-15 14:48:10"
416,46,11,"Arrange stuffed mushrooms on the prepared cookie sheet","2022-12-15 14:48:10","2022-12-15 14:48:10"
417,46,12,"Bake in the preheated oven until piping hot and liquid starts to form under each cap, about 20 minutes","2022-12-15 14:48:10","2022-12-15 14:48:10"
418,47,1,"Heat olive oil in a large skillet over medium heat","2022-12-15 14:48:10","2022-12-15 14:48:10"
419,47,2,"Add ground beef; cook and stir until browned and crumbly, about 10 minutes","2022-12-15 14:48:10","2022-12-15 14:48:10"
420,47,3,"Add onions and cook until soft, about 5 minutes","2022-12-15 14:48:10","2022-12-15 14:48:10"
421,47,4,"Stir in tomato sauce, olives, sofrito, saz?Ÿ??n, garlic, oregano, and pepper","2022-12-15 14:48:10","2022-12-15 14:48:10"
422,47,5,"Reduce the heat to medium-low and simmer until mixture thickens, about 15 minutes","2022-12-15 14:48:10","2022-12-15 14:48:10"
423,47,6,"Roll empanada disks on a lightly floured surface until 1/2 inch larger in diameter","2022-12-15 14:48:10","2022-12-15 14:48:10"
424,47,7,"Spoon about 1 tablespoon meat mixture into the middle of each disk","2022-12-15 14:48:10","2022-12-15 14:48:10"
425,47,8,"Moisten the disk edges with water, fold in half over filling to form a half-moon, and pinch to seal (or seal with a fork)","2022-12-15 14:48:10","2022-12-15 14:48:10"
426,47,9,"Heat 2 1/2 inches corn oil in a deep-fryer or large saucepan to 350 degrees F (175 degrees C)","2022-12-15 14:48:10","2022-12-15 14:48:10"
427,47,10,"Working in batches, fry empanadas until crisp and golden brown, flipping once, 4 to 6 minutes","2022-12-15 14:48:10","2022-12-15 14:48:10"
428,47,11,"Transfer to paper towels to drain","2022-12-15 14:48:10","2022-12-15 14:48:10"
429,48,1,"Preheat oven to 350 degrees F (175 degrees C)","2022-12-15 14:48:10","2022-12-15 14:48:10"
430,48,2,"Grease a 9x13-inch baking dish","2022-12-15 14:48:10","2022-12-15 14:48:10"
431,48,3,"In a bowl, mix together butter, Dijon mustard, Worcestershire sauce, poppy seeds, and dried onion","2022-12-15 14:48:10","2022-12-15 14:48:10"
432,48,4,"Separate the tops from bottoms of the rolls, and place the bottom pieces into the prepared baking dish","2022-12-15 14:48:10","2022-12-15 14:48:10"
433,48,5,"Layer about half the ham onto the rolls","2022-12-15 14:48:10","2022-12-15 14:48:10"
434,48,6,"Arrange the Swiss cheese over the ham, and top with remaining ham slices in a layer","2022-12-15 14:48:10","2022-12-15 14:48:10"
435,48,7,"Place the tops of the rolls onto the sandwiches","2022-12-15 14:48:10","2022-12-15 14:48:10"
436,48,8,"Pour the mustard mixture evenly over the rolls","2022-12-15 14:48:10","2022-12-15 14:48:10"
437,48,9,"Bake in the preheated oven until the rolls are lightly browned and the cheese has melted, about 20 minutes","2022-12-15 14:48:10","2022-12-15 14:48:10"
438,48,10,"Slice into individual rolls through the ham and cheese layers to serve","2022-12-15 14:48:10","2022-12-15 14:48:10"
439,49,1,"Preheat the oven to 375 degrees F (190 degrees C)","2022-12-15 14:48:10","2022-12-15 14:48:10"
440,49,2,"Unroll crescent dough","2022-12-15 14:48:10","2022-12-15 14:48:10"
441,49,3,"Pinch or press the perforation between the triangles to get 4 rectangular pieces","2022-12-15 14:48:10","2022-12-15 14:48:10"
442,49,4,"Cut rectangles in half lengthwise so you have 8 narrow strips","2022-12-15 14:48:10","2022-12-15 14:48:10"
443,49,5,"Make a 2-inch slice through the center of one end of a hot dog","2022-12-15 14:48:10","2022-12-15 14:48:10"
444,49,6,"Cut two more 2-inch slices on either side of that, so that the &#039;legs&#039; are about the same thickness","2022-12-15 14:48:10","2022-12-15 14:48:10"
445,49,7,"Repeat on the other end","2022-12-15 14:48:10","2022-12-15 14:48:10"
446,49,8,"Cut into the remaining hot dogs","2022-12-15 14:48:10","2022-12-15 14:48:10"
447,49,9,"Roll a crescent strip around the center of each dog","2022-12-15 14:48:10","2022-12-15 14:48:10"
448,49,10,"Place spider dogs on an ungreased baking sheet","2022-12-15 14:48:10","2022-12-15 14:48:10"
449,49,11,"Bake in the preheated oven until golden brown, about 11 minutes","2022-12-15 14:48:10","2022-12-15 14:48:10"
450,49,12,"Dip a chopstick into some ketchup and dot &#039;eyes&#039; onto each spider","2022-12-15 14:48:10","2022-12-15 14:48:10"
451,49,13,"Serve with remaining ketchup","2022-12-15 14:48:10","2022-12-15 14:48:10"
452,50,1,"Combine all cereals in a large bowl; set aside","2022-12-15 14:48:10","2022-12-15 14:48:10"
453,50,2,"Place chocolate chips, peanut butter, and butter in a 1-quart microwave-safe bowl","2022-12-15 14:48:10","2022-12-15 14:48:10"
454,50,3,"Microwave, uncovered, on high for 1 minute, then stir","2022-12-15 14:48:10","2022-12-15 14:48:10"
455,50,4,"Continue warming mixture until smooth and combined, about 30 seconds longer","2022-12-15 14:48:10","2022-12-15 14:48:10"
456,50,5,"Stir in vanilla","2022-12-15 14:48:10","2022-12-15 14:48:10"
457,50,6,"Pour chocolate mixture over cereal and stir until evenly coated","2022-12-15 14:48:10","2022-12-15 14:48:10"
458,50,7,"Transfer to a 2-gallon resealable plastic bag","2022-12-15 14:48:10","2022-12-15 14:48:10"
459,50,8,"Add powdered sugar to the bag and seal; shake until well-coated","2022-12-15 14:48:10","2022-12-15 14:48:10"
460,50,9,"Evenly spread cereal out onto waxed paper to cool","2022-12-15 14:48:10","2022-12-15 14:48:10"
461,51,1,"In a pan, saut?Ÿ?? onion and garlic in cooking oil over medium heat until golden brown","2022-12-15 14:48:10","2022-12-15 14:48:10"
462,51,2,"Add the bologna and saut?Ÿ?? until cooked","2022-12-15 14:48:10","2022-12-15 14:48:10"
463,51,3,"Reduce oil and add beaten eggs with salt and pepper","2022-12-15 14:48:10","2022-12-15 14:48:10"
464,51,4,"Reduce the heat to low and leave to cook","2022-12-15 14:48:10","2022-12-15 14:48:10"
465,51,5,"Make sure to not stir the eggs","2022-12-15 14:48:10","2022-12-15 14:48:10"
466,51,6,"Sprinkle cubes of Eden Cheese over the eggs","2022-12-15 14:48:10","2022-12-15 14:48:10"
467,51,7,"Cover and leave to cook for 5 minutes, until cheese has melted and the eggs are cooked","2022-12-15 14:48:10","2022-12-15 14:48:10"
468,51,8,"Fold into an omelet and serve","2022-12-15 14:48:10","2022-12-15 14:48:10"
469,52,1,"Break up the onion slices into rings","2022-12-15 14:48:10","2022-12-15 14:48:10"
470,52,2,"Set aside","2022-12-15 14:48:10","2022-12-15 14:48:10"
471,52,3,"Combine flour, baking powder, and salt, in a small bowl and mix well","2022-12-15 14:48:10","2022-12-15 14:48:10"
472,52,4,"Dredge the onions on the flour mixture and set aside","2022-12-15 14:48:10","2022-12-15 14:48:10"
473,52,5,"Meanwhile, make the batter by adding the egg and milk on the flour mixture and whisk","2022-12-15 14:48:10","2022-12-15 14:48:10"
474,52,6,"Dip the onions on the batter and allow the extra batter to drip","2022-12-15 14:48:10","2022-12-15 14:48:10"
475,52,7,"Place the breadcrumbs in a plastic bag or container and put-in the onions rings","2022-12-15 14:48:10","2022-12-15 14:48:10"
476,52,8,"Heat a cooking pot and pour-in cooking oil","2022-12-15 14:48:10","2022-12-15 14:48:10"
477,52,9,"When the oil is hot, deep-fry the onion until the color turns golden brown","2022-12-15 14:48:10","2022-12-15 14:48:10"
478,52,10,"Remove the onion rings from the cooking pot and place in a plate lined with paper towels, to absorb the excess oil","2022-12-15 14:48:10","2022-12-15 14:48:10"
479,52,11,"Transfer to a serving plate and serve, Share and enjoy!","2022-12-15 14:48:10","2022-12-15 14:48:10"
480,53,1,"Heat the cooking oil in a deep cooking pot","2022-12-15 14:48:10","2022-12-15 14:48:10"
481,53,2,"Deep fry the tofu","2022-12-15 14:48:10","2022-12-15 14:48:10"
482,53,3,"When the color turns light to medium brown, remove and set aside","2022-12-15 14:48:10","2022-12-15 14:48:10"
483,53,4,"Meanwhile, heat a pan and then pour in a tablespoon of cooking oil","2022-12-15 14:48:10","2022-12-15 14:48:10"
484,53,5,"When the oil becomes hot, put-in the garlic and cook for 20 seconds","2022-12-15 14:48:10","2022-12-15 14:48:10"
485,53,6,"Add the pineapple chunks, onion, green and red bell peppers","2022-12-15 14:48:10","2022-12-15 14:48:10"
486,53,7,"Stir and cook for 3 to 5 minutes","2022-12-15 14:48:10","2022-12-15 14:48:10"
487,53,8,"Combine sugar, soy sauce, vinegar, water, and ketchup in a bowl","2022-12-15 14:48:10","2022-12-15 14:48:10"
488,53,9,"Mix well, Pour-in mixture to the pan where the vegetables are cooking","2022-12-15 14:48:10","2022-12-15 14:48:10"
489,53,10,"Stir and let boil","2022-12-15 14:48:10","2022-12-15 14:48:10"
490,53,11,"Pour-in the cornstarch diluted in water","2022-12-15 14:48:10","2022-12-15 14:48:10"
491,53,12,"Stir until the sauce thickens","2022-12-15 14:48:10","2022-12-15 14:48:10"
492,53,13,"Add the deep fried tofu","2022-12-15 14:48:10","2022-12-15 14:48:10"
493,53,14,Stir,"2022-12-15 14:48:10","2022-12-15 14:48:10"
494,53,15,"Transfer to a serving plate, Share and enjoy!","2022-12-15 14:48:10","2022-12-15 14:48:10"
495,54,1,"Heat oil in a cooking pot","2022-12-15 14:48:10","2022-12-15 14:48:10"
496,54,2,"Saute onion and garlic until onion becomes soft","2022-12-15 14:48:10","2022-12-15 14:48:10"
497,54,3,"Add pork, Cook until brown Pour 1 ???« up to 2 cups of water","2022-12-15 14:48:10","2022-12-15 14:48:10"
498,54,4,"Let boil Add Knorr Pork Cube","2022-12-15 14:48:10","2022-12-15 14:48:10"
499,54,5,"Stir, Cover the pot and cook between low to medium heat until the liquid evaporates and the pork tenderizes","2022-12-15 14:48:10","2022-12-15 14:48:10"
500,54,6,"Add parsley, carrot, kamote, and ???« cup water","2022-12-15 14:48:10","2022-12-15 14:48:10"
501,54,7,"Cover the cooking pot, Cook for 2 minutes Put the long green beans and cabbage into the pot","2022-12-15 14:48:10","2022-12-15 14:48:10"
502,54,8,Toss,"2022-12-15 14:48:10","2022-12-15 14:48:10"
503,54,9,"Cover the pot and cook for 5 minutes","2022-12-15 14:48:10","2022-12-15 14:48:10"
504,54,10,"Season with fish sauce and ground black pepper","2022-12-15 14:48:10","2022-12-15 14:48:10"
505,54,11,"Add singkamas, Toss, Arrange on a serving plate Set aside","2022-12-15 14:48:10","2022-12-15 14:48:10"
506,54,12,"Prepare the sauce by combining cornstarch with 3 tablespoons water","2022-12-15 14:48:10","2022-12-15 14:48:10"
507,54,13,"Stir until the cornstarch dilutes","2022-12-15 14:48:10","2022-12-15 14:48:10"
508,54,14,"Set aside, Pour 1 ???« cups water into a saucepan","2022-12-15 14:48:10","2022-12-15 14:48:10"
509,54,15,"Let boil","2022-12-15 14:48:10","2022-12-15 14:48:10"
510,54,16,"Add soy sauce and garlic","2022-12-15 14:48:10","2022-12-15 14:48:10"
511,54,17,"Cook for 2 minutes, Add dark brown sugar","2022-12-15 14:48:10","2022-12-15 14:48:10"
512,54,18,"Stir Pour the cornstarch diluted in water","2022-12-15 14:48:10","2022-12-15 14:48:10"
513,54,19,Stir,"2022-12-15 14:48:10","2022-12-15 14:48:10"
514,54,20,"Continue to cook while stirring until the desired consistency is achieved","2022-12-15 14:48:10","2022-12-15 14:48:10"
515,54,21,"Pour the sauce over lumpiang hubad Top with crushed peanuts","2022-12-15 14:48:10","2022-12-15 14:48:10"
516,55,1,"In a pot combine all ingredients apart from the sweet potato tops, bring it to a boil then simmer for 5 minutes","2022-12-15 14:48:10","2022-12-15 14:48:10"
517,55,2,"Add the sweet potato tops then simmer for 2 more minutes","2022-12-15 14:48:10","2022-12-15 14:48:10"
518,55,3,"Season with freshly ground black pepper then serve","2022-12-15 14:48:10","2022-12-15 14:48:10"
519,56,1,"Over hot coals or gas stove, grill eggplants until skins are charred","2022-12-15 14:48:10","2022-12-15 14:48:10"
520,56,2,"Remove from heat and under running water, peel skin and rinse well","2022-12-15 14:48:10","2022-12-15 14:48:10"
521,56,3,"Coarsely chop flesh","2022-12-15 14:48:10","2022-12-15 14:48:10"
522,56,4,"In a skillet over medium heat, heat oil","2022-12-15 14:48:10","2022-12-15 14:48:10"
523,56,5,"Add onions and garlic and cook until softened","2022-12-15 14:48:10","2022-12-15 14:48:10"
524,56,6,"Add tomatoes and continue to cook, mashing with the back of the spoon, until softened","2022-12-15 14:48:10","2022-12-15 14:48:10"
525,56,7,"Add eggplant","2022-12-15 14:48:10","2022-12-15 14:48:10"
526,56,8,"Season with salt and pepper to taste","2022-12-15 14:48:10","2022-12-15 14:48:10"
527,56,9,"Add beaten eggs, stirring to combine, and continue to cook until eggs are just set","2022-12-15 14:48:10","2022-12-15 14:48:10"
528,56,10,"Serve hot","2022-12-15 14:48:10","2022-12-15 14:48:10"
529,57,1,"Soak the chopped banana blossoms in the bowl with brine for 15 to 20 minutes","2022-12-15 14:48:10","2022-12-15 14:48:10"
530,57,2,"After soaking, squeeze tightly to release the sap from the banana blossoms","2022-12-15 14:48:10","2022-12-15 14:48:10"
531,57,3,"Place in a colander to drain the water","2022-12-15 14:48:10","2022-12-15 14:48:10"
532,57,4,"Set aside","2022-12-15 14:48:10","2022-12-15 14:48:10"
533,57,5,"Heat the cooking oil in a pan","2022-12-15 14:48:10","2022-12-15 14:48:10"
534,57,6,"Saute the garlic and onion","2022-12-15 14:48:10","2022-12-15 14:48:10"
535,57,7,"Add the banana blossoms","2022-12-15 14:48:10","2022-12-15 14:48:10"
536,57,8,"Cook for 5 minutes","2022-12-15 14:48:10","2022-12-15 14:48:10"
537,57,9,"Pour-in the fish sauce and vegetable broth, Stir and let boil","2022-12-15 14:48:10","2022-12-15 14:48:10"
538,57,10,"Pour-in the vinegar","2022-12-15 14:48:10","2022-12-15 14:48:10"
539,57,11,"Allow to re-boil, cover, and simmer for 10 to 15 minutes","2022-12-15 14:48:10","2022-12-15 14:48:10"
540,57,12,"Add the green chili and ground black pepper","2022-12-15 14:48:10","2022-12-15 14:48:10"
541,57,13,"Stir and continue to cook for 5 minutes","2022-12-15 14:48:10","2022-12-15 14:48:10"
542,57,14,"Turn-off the heat and transfer to a serving plate","2022-12-15 14:48:10","2022-12-15 14:48:10"
543,57,15,"Serve, Share and enjoy!","2022-12-15 14:48:10","2022-12-15 14:48:10"
544,58,1,"Heat vegetable oil in a pan over medium heat","2022-12-15 14:48:10","2022-12-15 14:48:10"
545,58,2,"Saut?Ÿ?? onions, garlic, and ginger for 2 minutes","2022-12-15 14:48:10","2022-12-15 14:48:10"
546,58,3,"Add tausi and cook for 2 minutes","2022-12-15 14:48:10","2022-12-15 14:48:10"
547,58,4,"Add rice wine; allow to boil, then simmer for 1 minute","2022-12-15 14:48:10","2022-12-15 14:48:10"
548,58,5,"Combine cornstarch and 1 teaspoon water in a small bowl","2022-12-15 14:48:10","2022-12-15 14:48:10"
549,58,6,"Add to pan to thicken sauce until desired consistency is achieved","2022-12-15 14:48:10","2022-12-15 14:48:10"
550,58,7,"Add fried tofu, Mix well, Season to taste with pepper and soy sauce","2022-12-15 14:48:10","2022-12-15 14:48:10"
551,58,8,"Turn off heat","2022-12-15 14:48:10","2022-12-15 14:48:10"
552,58,9,"Drizzle with sesame oil and garnish with kinchay sprigs","2022-12-15 14:48:10","2022-12-15 14:48:10"
553,59,1,"In a large mixing bowl, combine all batter ingredients in a bowl starting with the dry ingredients and ending by adding water and egg","2022-12-15 14:48:10","2022-12-15 14:48:10"
554,59,2,"Mix well","2022-12-15 14:48:10","2022-12-15 14:48:10"
555,59,3,"Add the dulong and mung bean sprouts","2022-12-15 14:48:10","2022-12-15 14:48:10"
556,59,4,"Gently stir until all ingredients are well blended","2022-12-15 14:48:10","2022-12-15 14:48:10"
557,59,5,"Heat oil in a pan","2022-12-15 14:48:10","2022-12-15 14:48:10"
558,59,6,"Arrange 1/2 cup of mixture in a saucer","2022-12-15 14:48:10","2022-12-15 14:48:10"
559,59,7,"Note: make sure the there is enough batter in the mixture","2022-12-15 14:48:10","2022-12-15 14:48:10"
560,59,8,"Once the oil gets hot, Slide the mixture into the pan","2022-12-15 14:48:10","2022-12-15 14:48:10"
561,59,9,"Cook one side in medium het until it turns golden brown and crisp","2022-12-15 14:48:10","2022-12-15 14:48:10"
562,59,10,"Turn over using a spatula","2022-12-15 14:48:10","2022-12-15 14:48:10"
563,59,11,"Cook the other side the same way","2022-12-15 14:48:10","2022-12-15 14:48:10"
564,59,12,"Remove the dulong okay from the pan","2022-12-15 14:48:10","2022-12-15 14:48:10"
565,59,13,"Stack in a plate with paper towels","2022-12-15 14:48:10","2022-12-15 14:48:10"
566,59,14,"Serve with spicy vinegar such as pinakurat or sinamak","2022-12-15 14:48:10","2022-12-15 14:48:10"
567,59,15,"Share and enjoy!","2022-12-15 14:48:10","2022-12-15 14:48:10"
568,60,1,"In a wok, heat oil and saute, garlic, onions and tomatoes until soft and fragrant","2022-12-15 14:48:10","2022-12-15 14:48:10"
569,60,2,"Add cubed white radish and stir fry for a few minutes","2022-12-15 14:48:10","2022-12-15 14:48:10"
570,60,3,"Add 1/2 cup water and bring it to a boil","2022-12-15 14:48:10","2022-12-15 14:48:10"
571,60,4,"Just let it simmer and let it cook for about 5 minutes or until the radish becomes tender","2022-12-15 14:48:10","2022-12-15 14:48:10"
572,60,5,"Add in siling haba, tuna flakes and mix well with the veggies","2022-12-15 14:48:10","2022-12-15 14:48:10"
573,60,6,"Cover wok and let it simmer","2022-12-15 14:48:10","2022-12-15 14:48:10"
574,60,7,"Season with salt and pepper to taste","2022-12-15 14:48:10","2022-12-15 14:48:10"
575,60,8,"Turn off heat and transfer into a serving bowl Enjoy!","2022-12-15 14:48:10","2022-12-15 14:48:10"
576,61,1,"Dice egg whites of hard boiled eggs (use egg yolks for other recipes). Set aside.","2022-12-15 14:48:10","2022-12-15 14:48:10"
577,61,2,"Mix margarine and salt. Add egg whites and the rest of the ingredients. Mix well. Cover and chill.","2022-12-15 14:48:10","2022-12-15 14:48:10"
578,61,3,"Serve as sandwich spread or as toppings for crackers.","2022-12-15 14:48:10","2022-12-15 14:48:10"
579,62,1,"In bowl, place quick oats, milo powder and sugar.","2022-12-15 14:48:10","2022-12-15 14:48:10"
580,62,2,"Add 1/2 to 3/4 cup just-boiling water. Let sit 1 min. Stir and eat.","2022-12-15 14:48:10","2022-12-15 14:48:10"
581,63,1,"Prepare the corned beef by saut?ing. Heat oil in a pan and then saute garlic and onion. Add corned beef. Continue to saute for 3 to 5 minutes. Remove from the pan and let it cool down.","2022-12-15 14:48:10","2022-12-15 14:48:10"
582,63,2,"Crack the eggs and place in a large mixing bowl. Add the salt and pepper.. Beat until all the ingredients are well incorporated.","2022-12-15 14:48:10","2022-12-15 14:48:10"
583,63,3,"Add saut?ed Corned beef and green onions. Stir to mix the ingredients. Note: Make sure that the corned beef has cooled down before you execute this step","2022-12-15 14:48:10","2022-12-15 14:48:10"
584,63,4,"Heat a frying pan. Add 1 tablespoon cooking oil or use a cooking oil spray and spray oil on the pan.","2022-12-15 14:48:10","2022-12-15 14:48:10"
585,63,5,"Scoop around _ to _ cups of the corned beef and egg mixture and pour in the pan. Cook for 3 minutes on medium heat.","2022-12-15 14:48:10","2022-12-15 14:48:10"
586,63,6,"Use a spatula to flip the omelet and cook the other side for 2 to 3 minutes. Transfer to a serving plate. Serve.","2022-12-15 14:48:10","2022-12-15 14:48:10"
587,64,1,"Pour water in a cooking pot. Bring to a boil.","2022-12-15 14:48:10","2022-12-15 14:48:10"
588,64,2,"Put-in the tablea and then stir. Let it dissolve in boiling water.","2022-12-15 14:48:10","2022-12-15 14:48:10"
589,64,3,"Add-in the rice. Let the water re-boil. Set the heat to low-medium and then stir almost constantly to avoid sticking. The rice should be ready when it absorbs the water (about 15 to 25 minutes).","2022-12-15 14:48:10","2022-12-15 14:48:10"
590,64,4,"Add the sugar. Stir until the sugar dissolves.","2022-12-15 14:48:10","2022-12-15 14:48:10"
591,64,5,"Transfer the champorado in individual serving bowls. Top with condensed milk.","2022-12-15 14:48:10","2022-12-15 14:48:10"
592,65,1,"Pour water in a cooking pot. Bring to a boil.","2022-12-15 14:48:10","2022-12-15 14:48:10"
593,65,2,"Put-in the rice. Continue cooking for 30 minutes or until the texture becomes thick, while stirring once in awhile.","2022-12-15 14:48:10","2022-12-15 14:48:10"
594,65,3,"Add the salt, stir and then cook for 2 minutes more.","2022-12-15 14:48:10","2022-12-15 14:48:10"
595,65,4,"Transfer to a serving bowl.","2022-12-15 14:48:10","2022-12-15 14:48:10"
596,65,5,"Serve hot. Share and enjoy!","2022-12-15 14:48:10","2022-12-15 14:48:10"
597,66,1,"In a large mixing bowl, combine warm water, yeast, and 1 teaspoon of the sugar. Stir and let stand for about 5 minutes or until mixture is foamy.","2022-12-15 14:48:10","2022-12-15 14:48:10"
598,66,2,"?Add the remaining sugar, eggs, milk, melted butter, and salt. Stir with a wooden spoon until well-combined.","2022-12-15 14:48:10","2022-12-15 14:48:10"
599,66,3,"Add the flour gradually while stirring, adding only enough until the dough has gathered in the center of the bowl. It should still be soft and not dry. You may not need the entire amount of flour.","2022-12-15 14:48:10","2022-12-15 14:48:10"
600,66,4,"Turn the dough over on a floured surface and knead until smooth, elastic, and has lost some of its stickiness. Use some of the remaining flour to prevent the dough from sticking too much on the board or on hands.","2022-12-15 14:48:10","2022-12-15 14:48:10"
601,66,5,"?Shape the dough into a ball and place in a bowl. Cover the bowl with a kitchen towel and let the dough rise for about an hour, or until double in size.","2022-12-15 14:48:10","2022-12-15 14:48:10"
602,66,6,"Once risen, gently deflate the dough and divide it into 4 equal portions. Divide each portion into 4 smaller equal portions for a total of 16 pieces.","2022-12-15 14:48:10","2022-12-15 14:48:10"
603,66,7,"Using the palm of hands or a rolling pin, flatten each portion to form a rectangular dough about 6 inches in length and 4-inches in width.","2022-12-15 14:48:10","2022-12-15 14:48:10"
604,66,8,"Roll the flattened dough lengthwise to form a log. Using hands, roll the log back and forth against the kneading surface to elongate to 13 to 15 inches long.","2022-12-15 14:48:10","2022-12-15 14:48:10"
605,66,9,"Braid the log into a twisted rope by folding in the middle the log midways and overlapping each side over each other. Repeat with the remaining portions.","2022-12-15 14:48:10","2022-12-15 14:48:10"
606,66,10,"Arrange the braided dough in a single layer on a large baking pan at about an inch apart. Cover with a kitchen towel and let rise for 30 minutes or until puffy.","2022-12-15 14:48:10","2022-12-15 14:48:10"
607,66,11,"In a heavy bottom pan over medium heat, heat about 3 inches of cooking oil to 350 F.","2022-12-15 14:48:10","2022-12-15 14:48:10"
608,66,12,"Add the dough 2 to 3 at a time, starting with the puffiest ones, and deep-fry the dough for about 1 to 3 minutes or until golden. Adjust the heat from time to time to prevent the donuts from burning.","2022-12-15 14:48:10","2022-12-15 14:48:10"
609,66,13,"With a slotted spoon, remove fried donuts from the oil and drain on paper towels. In a shallow plate, toss the donuts in sugar to fully coat. Serve warm.","2022-12-15 14:48:10","2022-12-15 14:48:10"
610,67,1,"Place avocado, ice, sugar, and milk into a blender. Puree until smooth.","2022-12-15 14:48:10","2022-12-15 14:48:10"
611,68,1,"Broil eggplant until tender.Peel off the skin and mash the meat with a fork keeping everything intact.","2022-12-15 14:48:10","2022-12-15 14:48:10"
612,68,2,"Heat 1 tbsp canola oil in a small skillet.","2022-12-15 14:48:10","2022-12-15 14:48:10"
613,68,3,"Saut? onion.Once onion is translucent add tomato and ground pork.Cook until meat is brown.","2022-12-15 14:48:10","2022-12-15 14:48:10"
614,68,4,"Add salt and pepper to taste.","2022-12-15 14:48:10","2022-12-15 14:48:10"
615,68,5,"Add the saut?ed mixture to beaten eggs.","2022-12-15 14:48:10","2022-12-15 14:48:10"
616,68,6,"Heat leftover oil in another skillet. Put eggplant and a little of the egg mixture in a saucer.","2022-12-15 14:48:10","2022-12-15 14:48:10"
617,68,7,"Bring saucer near the skillet and tip,lowering eggplant into the oil.","2022-12-15 14:48:10","2022-12-15 14:48:10"
618,68,8,"Fry on both sides until golden brown.","2022-12-15 14:48:10","2022-12-15 14:48:10"
619,69,1,"Using hands, break rice to separate grains. Set aside.","2022-12-15 14:48:10","2022-12-15 14:48:10"
620,69,2,"In a wide pan or wok over high heat, heat 1 tablespoon of the oil. Add eggs and cook, stirring regularly, until set but still moist. Remove from pan and keep warm.","2022-12-15 14:48:10","2022-12-15 14:48:10"
621,69,3,"In the pan, heat 1 tablespoon of the oil. Add onions and garlic and cook until softened.","2022-12-15 14:48:10","2022-12-15 14:48:10"
622,69,4,"Add tinapa flakes and cook, stirring regularly, for 2 to 3 minutes or until heated through. Remove from pan and keep warm.","2022-12-15 14:48:10","2022-12-15 14:48:10"
623,69,5,"In the pan, add the remaining 1 tablespoon oil and heat until almost smoking. Add rice and cook, spreading the rice on entire cooking surface of pan, for about 45 seconds or until grains start to sizzle and then toss to redistribute. Repeat a few times until rice is heated through.?","2022-12-15 14:48:10","2022-12-15 14:48:10"
624,69,6,"Add soy sauce and season with salt and pepper to taste.","2022-12-15 14:48:10","2022-12-15 14:48:10"
625,69,7,"Add the tinapa?flakes, eggs, and green onions. Gently toss to distribute. Cook for another 1 to 2 minutes or until completely heated through. Serve hot.","2022-12-15 14:48:10","2022-12-15 14:48:10"
626,70,1,"In a pot, heat the cooking oil then saute the garlic, onion, and ginger","2022-12-15 14:48:10","2022-12-15 14:48:10"
627,70,2,"Dash-in some ground black pepper","2022-12-15 14:48:10","2022-12-15 14:48:10"
628,70,3,"Add the chicken cube and cook until the cube melts","2022-12-15 14:48:10","2022-12-15 14:48:10"
629,70,4,"Put-in the chicken and cook until outer layer color turns golden brown","2022-12-15 14:48:10","2022-12-15 14:48:10"
630,70,5,"Add the fish sauce and uncooked rice then mix and cook for a few minutes","2022-12-15 14:48:10","2022-12-15 14:48:10"
631,70,6,"Pour-in the water and bring to a boil","2022-12-15 14:48:10","2022-12-15 14:48:10"
632,70,7,"Stir occasionally and simmer until the rice is fully cooked (about 30 to 40 minutes)","2022-12-15 14:48:10","2022-12-15 14:48:10"
633,70,8,"Put-in the hard boiled eggs","2022-12-15 14:48:10","2022-12-15 14:48:10"
634,70,9,"Add the safflower for additional color and aroma","2022-12-15 14:48:10","2022-12-15 14:48:10"
635,70,10,"Serve hot with garlic, minced scallions, and lemon. Share and Enjoy!","2022-12-15 14:48:10","2022-12-15 14:48:10"
636,71,1,"Marinate pork slices in DEL MONTE Quick 'n Easy Barbecue Marinade for 15 minutes. Drain and reserve marinade.","2022-12-15 14:48:10","2022-12-15 14:48:10"
637,71,2,"Saut? pork in margarine over high heat for 5 minutes or until cooked. Add peas, marinade, and salt. Allow to simmer. Add rice. Cook for 2 minutes with continuous stirring.","2022-12-15 14:48:10","2022-12-15 14:48:10"
638,71,3,"Heat oil and saut? onions until translucent. Add the pork and saut? for 3 minutes or until the pork turns white and no extra juices are running in the pan. Add the stock and allow to boil.","2022-12-15 14:48:10","2022-12-15 14:48:10"
639,72,1,"Add flour-water mixture then add DEL MONTE Quick n Easy Curry Mix. Turn down to simmer for 30 minutes or until pork is almost tender.","2022-12-15 14:48:10","2022-12-15 14:48:10"
640,72,2,"Add the potatoes and carrots and cook for another 15 minutes or until the potatoes and carrots are fork tender.","2022-12-15 14:48:10","2022-12-15 14:48:10"
641,72,3,"Serve on top of steamed white rice.","2022-12-15 14:48:10","2022-12-15 14:48:10"
642,73,1,"Place the butter in a pot over medium heat and saut? garlic until golden in color. Set aside.","2022-12-15 14:48:10","2022-12-15 14:48:10"
643,73,2,"Place the chicken and cook for about 10 minutes.","2022-12-15 14:48:10","2022-12-15 14:48:10"
644,73,3,"Pour in dark soy sauce, vinegar, bay leaves, peppercorns and let it simmer for about 5 minutes.","2022-12-15 14:48:10","2022-12-15 14:48:10"
645,73,4,"Add in cream and quick melt cheese (optional), continue cooking.","2022-12-15 14:48:10","2022-12-15 14:48:10"
646,73,5,"Season with salt and pepper to taste.","2022-12-15 14:48:10","2022-12-15 14:48:10"
647,73,6,"Transfer to a plate and garnish with the toasted garlic.","2022-12-15 14:48:10","2022-12-15 14:48:10"
648,74,1,"Melt the butter in a saucepan, then stir in the flour. Pour the stock and milk gradually, stirring constantly. Cook slowly until slightly thickened. Season with salt.","2022-12-15 14:48:10","2022-12-15 14:48:10"
649,74,2,"Add the diced chicken, sliced button mushrooms, red and green bell peppers.","2022-12-15 14:48:10","2022-12-15 14:48:10"
650,74,3,"Serve in a plate and enjoy.","2022-12-15 14:48:10","2022-12-15 14:48:10"
651,75,1,"Insert cheese cubes in between the chicken bone and meat. Secure both ends of the meat with a toothpick.","2022-12-15 14:48:10","2022-12-15 14:48:10"
652,75,2,"Season chicken pieces with salt and pepper, then coat with flour. Shake well, then dip in egg and cover with breadcrumbs.","2022-12-15 14:48:10","2022-12-15 14:48:10"
653,75,3,"Deep-fry in oil until golden brown. Serve hot.","2022-12-15 14:48:10","2022-12-15 14:48:10"
654,76,1,"Cook the chicken in garlic and onion. Pour with fish sauce and add the pepper to taste.","2022-12-15 14:48:10","2022-12-15 14:48:10"
655,76,2,"Add the chorizo, red bell pepper, green bell peppers, and tomato sauce. Let it boil.","2022-12-15 14:48:10","2022-12-15 14:48:10"
656,76,3,"Add water, then put the carrots and let it simmer. Add the fried potatoes and cheese","2022-12-15 14:48:10","2022-12-15 14:48:10"
657,77,1,"Clean the fish thoroughly. Create a slit on both sides and rub salt all over. Let it stay for 10 to 15 minutes.","2022-12-15 14:48:10","2022-12-15 14:48:10"
658,77,2,"Arrange pork fat, kamias, fish, and ginger. Pour water. Cover and let boil. Continue to cook in medium heat for 40 minutes.","2022-12-15 14:48:10","2022-12-15 14:48:10"
659,77,3,"Pour coconut milk into the pot. Add garlic, onion, and chili. Cover and continue to boil for another 40 minutes using between low to medium heat.","2022-12-15 14:48:10","2022-12-15 14:48:10"
660,77,4,"Add eggplant. Cook for 5 to 7 minutes. Season with patis and ground black pepper.","2022-12-15 14:48:10","2022-12-15 14:48:10"
661,77,5,"Transfer to a serving plate and serve.","2022-12-15 14:48:10","2022-12-15 14:48:10"
662,77,6,"Share and enjoy!","2022-12-15 14:48:10","2022-12-15 14:48:10"
663,78,1,"Heat oil in a cooking pot.","2022-12-15 14:48:10","2022-12-15 14:48:10"
664,78,2,"Saute the garlic and onion until the onion becomes soft.","2022-12-15 14:48:10","2022-12-15 14:48:10"
665,78,3,"Put-in the shrimp. Cook for 1 to 2 minutes.","2022-12-15 14:48:10","2022-12-15 14:48:10"
666,78,4,"Remove from the pot and set aside.","2022-12-15 14:48:10","2022-12-15 14:48:10"
667,78,5,"Meanwhile, put-in the bagoong alamang and pour-in the coconut milk. Stir and let boil.","2022-12-15 14:48:10","2022-12-15 14:48:10"
668,78,6,"Add the kalabasa. Cook for 8 to 12 minutes or until tender.","2022-12-15 14:48:10","2022-12-15 14:48:10"
669,78,7,"Put the shrimp back in the pot. Stir and cook for a minute.","2022-12-15 14:48:10","2022-12-15 14:48:10"
670,78,8,"Add the string beans (sitaw) and malunggay leaves. Cook for 2 to 3 minutes.","2022-12-15 14:48:10","2022-12-15 14:48:10"
671,78,9,"Add salt and pepper to taste.","2022-12-15 14:48:10","2022-12-15 14:48:10"
672,78,10,"Transfer to a serving plate. Serve.","2022-12-15 14:48:10","2022-12-15 14:48:10"
673,79,1,"Heat oil in a pan. Saute garlic and onion until the later softens.","2022-12-15 14:48:10","2022-12-15 14:48:10"
674,79,2,"Prepare the coconut milk by combining water and Knorr Ginataang Gulay Recipe Mix. Stir until the mixture gets well blended.","2022-12-15 14:48:10","2022-12-15 14:48:10"
675,79,3,"Pour coconut milk into the pan. Cover and let it boil.","2022-12-15 14:48:10","2022-12-15 14:48:10"
676,79,4,"Add eggplant. Cover the pan and cook for 8 minutes.","2022-12-15 14:48:10","2022-12-15 14:48:10"
677,79,5,"Add air fried tofu. Stir and cook for 3 minutes.","2022-12-15 14:48:10","2022-12-15 14:48:10"
678,79,6,"Add malunggay leaves. Stir and continue cooking for 1 minute.","2022-12-15 14:48:10","2022-12-15 14:48:10"
679,79,7,"Season with ground black pepper and salt as needed.","2022-12-15 14:48:10","2022-12-15 14:48:10"
680,79,8,"Serve. Share and enjoy!","2022-12-15 14:48:10","2022-12-15 14:48:10"
681,80,1,"Boil water in a cooking pot. Add chicken. Cover and continue boiling for 18 minutes. Remove chicken from the pot and let it cool down. Save the chicken stock for later.","2022-12-15 14:48:10","2022-12-15 14:48:10"
682,80,2,"Separate the bone from the meat and then shred. Set shredded chicken aside.","2022-12-15 14:48:10","2022-12-15 14:48:10"
683,80,3,"Heat oil in a cooking pot. Add crushed garlic right away. Continue cooking the garlic until it turns light brown.","2022-12-15 14:48:10","2022-12-15 14:48:10"
684,80,4,"Add onion. Saut? until it softens.","2022-12-15 14:48:10","2022-12-15 14:48:10"
685,80,5,"Add sayote. Cook for 1 minute.","2022-12-15 14:48:10","2022-12-15 14:48:10"
686,80,6,"Put shredded chicken into the pot and pour-in chicken stock. Cover the pot and let the liquid boil.","2022-12-15 14:48:10","2022-12-15 14:48:10"
687,80,7,"Add Knorr Chicken Cube. Stir and add the sotanghon noodles. Cook until noodles are soft.","2022-12-15 14:48:10","2022-12-15 14:48:10"
688,80,8,"Add malunggay leaves. Cook for 1 minute.","2022-12-15 14:48:10","2022-12-15 14:48:10"
689,80,9,"Season with patis and ground black pepper. Transfer to a serving bowl. Share and enjoy!","2022-12-15 14:48:10","2022-12-15 14:48:10"
